{
  "version": "0.1",
  "namespace": "Σ‑FDL",
  "glyphs": [
    {
      "name": "NORMA_TIME",
      "char": "⟲",
      "semantics": "norm/time"
    },
    {
      "name": "NORMA_ENERGY",
      "char": "⚡",
      "semantics": "norm/energy"
    },
    {
      "name": "NORMA_MEMORY",
      "char": "✸",
      "semantics": "norm/memory"
    },
    {
      "name": "NORMA_ATTN",
      "char": "◴",
      "semantics": "norm/attention"
    },
    {
      "name": "NORMA_FLOW",
      "char": "⇶",
      "semantics": "norm/flow"
    }
  ]
}